{
  "name": "htcofficeassignmen",
  "version": "0.1.0",
  "private": true,
  "dependencies": {
    "@emotion/react": "^11.11.4",
    "@emotion/styled": "^11.11.5",
    "@mui/icons-material": "^5.15.16",
    "@testing-library/jest-dom": "^5.17.0",
    "@testing-library/react": "^13.4.0",
    "@testing-library/user-event": "^13.5.0",
    "axios": "^1.6.8",
    "bootstrap": "^5.3.3",
    "cors": "^2.8.5",
    "jquery": "^3.7.1",
    "react": "^18.3.1",
    "react-bootstrap-multiselect": "^2.4.1",
    "react-dom": "^18.3.1",
    "react-scripts": "5.0.1",
    "web-vitals": "^2.1.4",
    "webfont": "^11.2.26"
  },
  "scripts": {
    "start": "react-scripts start",
    "build": "react-scripts build",
    "test": "react-scripts test",
    "eject": "react-scripts eject"
  },
  "eslintConfig": {
    "extends": [
      "react-app",
      "react-app/jest"
    ]
  },
  "browserslist": {
    "production": [
      ">0.2%",
      "not dead",
      "not op_mini all"
    ],
    "development": [
      "last 1 chrome version",
      "last 1 firefox version",
      "last 1 safari version"
    ]
  },
  "devDependencies": {
    "react-router-dom": "^6.23.0"
  }
}
